{"cameraMode":{"drawMode":0,"name":"Shaded","section":"Shading Mode"},"sceneLighting":true,"audioPlay":false,"sceneViewState":{"m_AlwaysRefresh":false,"showFog":true,"showSkybox":true,"showFlares":true,"showImageEffects":true,"showParticleSystems":true,"showVisualEffectGraphs":true,"m_FxEnabled":true},"in2DMode":false,"pivot":{"x":82.11151123046875,"y":-359.63519287109377,"z":1445.955322265625},"rotation":{"x":0.3643161952495575,"y":-0.001397026120685041,"z":0.0005464933929033577,"w":0.9312770962715149},"size":1453.2718505859375,"orthographic":false}